{
  "version": 1,
  "author": "Anonymous maker",
  "editor": "wokwi",
  "parts": [
    { "type": "wokwi-breadboard", "id": "bb1", "top": -223.8, "left": -93.2, "attrs": {} },
    { "type": "wokwi-pi-pico", "id": "pico", "top": -5.04, "left": -47.06, "attrs": { "env": "micropython-20230426-v1.20.0" } },
    {
      "type": "wokwi-hc-sr04",
      "id": "ultrasonic1",
      "top": -200.1,
      "left": 187.9,
      "attrs": { "distance": "2" }
    },
    {
      "type": "wokwi-rgb-led",
      "id": "rgb1",
      "top": -216.8,
      "left": 29.9,
      "attrs": { "common": "cathode" }
    },
    {
      "type": "wokwi-led-bar-graph",
      "id": "bargraph1",
      "top": -170.8,
      "left": 104,
      "rotate": 270,
      "attrs": { "color": "GYR" }
    },
    {
      "type": "wokwi-resistor",
      "id": "r1",
      "top": -129.6,
      "left": 18.65,
      "rotate": 90,
      "attrs": { "value": "1000" }
    }
  ],
  "connections": [
    [ "pico:GND.1", "bb1:bn.1", "black", [ "h-9.86", "v-54.41" ] ],
    [ "pico:3V3", "bb1:bp.9", "red", [ "h9.69", "v-83.61" ] ],
    [ "bb1:13b.j", "bb1:bn.10", "black", [ "h-4.52", "v39.7" ] ],
    [ "pico:GP2", "bb1:12t.e", "red", [ "h-56.49", "v-157.72", "h135.95" ] ],
    [ "bb1:14t.e", "pico:GP3", "green", [ "v13.19", "h-162.52", "v167.32" ] ],
    [ "bb1:15t.e", "pico:GP4", "blue", [ "v12.62", "h-179.49", "v172.84" ] ],
    [ "bb1:bn.21", "bb1:tn.21", "black", [ "v0" ] ],
    [ "bb1:tn.20", "bb1:25t.a", "black", [ "v0" ] ],
    [ "bb1:24t.a", "bb1:tn.19", "black", [ "v0" ] ],
    [ "pico:GP15", "bargraph1:A1", "green", [ "h-12.01", "v8.4", "h129.87" ] ],
    [ "pico:GP14", "bargraph1:A2", "green", [ "h-17.55", "v27.23", "h145.01" ] ],
    [ "pico:GP13", "bargraph1:A3", "green", [ "h-23.71", "v56.29", "h160.77" ] ],
    [ "pico:GP12", "bargraph1:A4", "green", [ "h-29.87", "v75.12", "h176.53" ] ],
    [ "pico:GP11", "bargraph1:A5", "green", [ "h-36.86", "v94.23", "h192.63" ] ],
    [ "pico:GP10", "bargraph1:A6", "green", [ "h-44.28", "v113.72", "h209.65" ] ],
    [ "pico:GP9", "bargraph1:A7", "green", [ "h-50.89", "v140.09", "h223.55" ] ],
    [ "pico:GP8", "bargraph1:A8", "green", [ "h-58.83", "v158.95", "h241.41" ] ],
    [ "pico:GP7", "bargraph1:A9", "green", [ "h-66.77", "v178.47", "h258.61" ] ],
    [ "pico:GP6", "bargraph1:A10", "green", [ "h-76.03", "v196.67", "h280.43" ] ],
    [ "bb1:bp.28", "bb1:35b.j", "red", [ "v0" ] ],
    [ "bb1:38b.j", "bb1:bp.31", "black", [ "v0" ] ],
    [ "pico:GP28", "bb1:36b.j", "cyan", [ "h0" ] ],
    [ "pico:GP27", "bb1:37b.j", "cyan", [ "h0" ] ],
    [ "bb1:23t.a", "bb1:tn.18", "black", [ "v0" ] ],
    [ "bb1:22t.a", "bb1:tn.17", "black", [ "v0" ] ],
    [ "bb1:21t.a", "bb1:tn.16", "black", [ "v0" ] ],
    [ "bb1:20t.a", "bb1:tn.15", "black", [ "v0" ] ],
    [ "bb1:19t.a", "bb1:tn.14", "black", [ "v0" ] ],
    [ "bb1:18t.a", "bb1:tn.13", "black", [ "v0" ] ],
    [ "bb1:17t.a", "bb1:tn.12", "black", [ "v0" ] ],
    [ "bb1:16t.a", "bb1:tn.11", "black", [ "v0" ] ],
    [ "ultrasonic1:VCC", "bb1:35b.f", "", [ "$bb" ] ],
    [ "ultrasonic1:TRIG", "bb1:36b.f", "", [ "$bb" ] ],
    [ "ultrasonic1:ECHO", "bb1:37b.f", "", [ "$bb" ] ],
    [ "ultrasonic1:GND", "bb1:38b.f", "", [ "$bb" ] ],
    [ "rgb1:R", "bb1:12t.a", "", [ "$bb" ] ],
    [ "rgb1:COM", "bb1:13t.b", "", [ "$bb" ] ],
    [ "rgb1:G", "bb1:14t.a", "", [ "$bb" ] ],
    [ "rgb1:B", "bb1:15t.a", "", [ "$bb" ] ],
    [ "r1:1", "bb1:13t.c", "", [ "$bb" ] ],
    [ "r1:2", "bb1:13b.g", "", [ "$bb" ] ],
    [ "bargraph1:A1", "bb1:16b.f", "", [ "$bb" ] ],
    [ "bargraph1:A2", "bb1:17b.f", "", [ "$bb" ] ],
    [ "bargraph1:A3", "bb1:18b.f", "", [ "$bb" ] ],
    [ "bargraph1:A4", "bb1:19b.f", "", [ "$bb" ] ],
    [ "bargraph1:A5", "bb1:20b.f", "", [ "$bb" ] ],
    [ "bargraph1:A6", "bb1:21b.f", "", [ "$bb" ] ],
    [ "bargraph1:A7", "bb1:22b.f", "", [ "$bb" ] ],
    [ "bargraph1:A8", "bb1:23b.f", "", [ "$bb" ] ],
    [ "bargraph1:A9", "bb1:24b.f", "", [ "$bb" ] ],
    [ "bargraph1:A10", "bb1:25b.f", "", [ "$bb" ] ],
    [ "bargraph1:C1", "bb1:16t.e", "", [ "$bb" ] ],
    [ "bargraph1:C2", "bb1:17t.e", "", [ "$bb" ] ],
    [ "bargraph1:C3", "bb1:18t.e", "", [ "$bb" ] ],
    [ "bargraph1:C4", "bb1:19t.e", "", [ "$bb" ] ],
    [ "bargraph1:C5", "bb1:20t.e", "", [ "$bb" ] ],
    [ "bargraph1:C6", "bb1:21t.e", "", [ "$bb" ] ],
    [ "bargraph1:C7", "bb1:22t.e", "", [ "$bb" ] ],
    [ "bargraph1:C8", "bb1:23t.e", "", [ "$bb" ] ],
    [ "bargraph1:C9", "bb1:24t.e", "", [ "$bb" ] ],
    [ "bargraph1:C10", "bb1:25t.e", "", [ "$bb" ] ]
  ],
  "dependencies": {}
}