{
  "version": 1,
  "author": "Anonymous maker",
  "editor": "wokwi",
  "parts": [
    { "type": "wokwi-breadboard", "id": "bb1", "top": -185.4, "left": -160.4, "attrs": {} },
    { "type": "wokwi-arduino-uno", "id": "uno", "top": 66.61, "left": -154.55, "attrs": {} },
    {
      "type": "wokwi-pushbutton",
      "id": "btn1",
      "top": -96.1,
      "left": -150.1,
      "rotate": 90,
      "attrs": { "color": "green" }
    },
    {
      "type": "wokwi-resistor",
      "id": "r1",
      "top": -34.45,
      "left": -105.6,
      "attrs": { "value": "1000" }
    },
    {
      "type": "wokwi-led",
      "id": "led1",
      "top": -109.25,
      "left": 70.07,
      "attrs": { "color": "red" }
    },
    {
      "type": "wokwi-led",
      "id": "led2",
      "top": -109.25,
      "left": 120.25,
      "attrs": { "color": "orange" }
    },
    {
      "type": "wokwi-led",
      "id": "led3",
      "top": -109.27,
      "left": 167,
      "attrs": { "color": "green" }
    },
    {
      "type": "wokwi-resistor",
      "id": "r2",
      "top": -62.31,
      "left": 95.29,
      "attrs": { "value": "1000" }
    },
    {
      "type": "wokwi-resistor",
      "id": "r3",
      "top": -53.65,
      "left": 144,
      "attrs": { "value": "1000" }
    },
    {
      "type": "wokwi-resistor",
      "id": "r4",
      "top": -63.25,
      "left": 192,
      "attrs": { "value": "1000" }
    }
  ],
  "connections": [
    [ "uno:5V", "btn1:2.r", "red", [ "v43.63", "h-198.65", "v-330.74" ] ],
    [ "r1:1", "bb1:4b.j", "", [ "$bb" ] ],
    [ "r1:2", "bb1:10b.j", "", [ "$bb" ] ],
    [ "r1:2", "bb1:bn.7", "black", [ "v0" ] ],
    [ "bb1:bn.1", "uno:GND.3", "black", [ "h-61.53", "v277.68", "h200.38" ] ],
    [ "r1:1", "uno:3", "green", [ "v68.98", "h178.05" ] ],
    [ "led1:A", "bb1:25b.f", "", [ "$bb" ] ],
    [ "led1:C", "bb1:24b.f", "", [ "$bb" ] ],
    [ "led2:A", "bb1:30b.f", "", [ "$bb" ] ],
    [ "led2:C", "bb1:29b.f", "", [ "$bb" ] ],
    [ "led3:A", "bb1:35b.f", "", [ "$bb" ] ],
    [ "led3:C", "bb1:34b.f", "", [ "$bb" ] ],
    [ "bb1:24b.j", "bb1:bn.19", "black", [ "v0" ] ],
    [ "bb1:29b.j", "bb1:bn.23", "black", [ "v0" ] ],
    [ "bb1:34b.j", "bb1:bn.27", "black", [ "v0" ] ],
    [ "r2:1", "bb1:25b.g", "", [ "$bb" ] ],
    [ "r2:2", "bb1:31b.g", "", [ "$bb" ] ],
    [ "r4:1", "bb1:35b.g", "", [ "$bb" ] ],
    [ "r4:2", "bb1:41b.g", "", [ "$bb" ] ],
    [ "r3:1", "bb1:30b.h", "", [ "$bb" ] ],
    [ "r3:2", "bb1:36b.h", "", [ "$bb" ] ],
    [ "bb1:31b.j", "uno:12", "red", [ "v77.6", "h-173.65" ] ],
    [ "bb1:36b.j", "uno:11", "orange", [ "v84.73", "h-212.15" ] ],
    [ "bb1:41b.j", "uno:10", "green", [ "v90.97", "h-250.65" ] ],
    [ "btn1:1.l", "bb1:4t.d", "", [ "$bb" ] ],
    [ "btn1:2.l", "bb1:2t.d", "", [ "$bb" ] ],
    [ "btn1:1.r", "bb1:4b.i", "", [ "$bb" ] ],
    [ "btn1:2.r", "bb1:2b.i", "", [ "$bb" ] ]
  ],
  "dependencies": {}
}