{
  "version": 1,
  "author": "Anonymous maker",
  "editor": "wokwi",
  "parts": [
    { "type": "wokwi-breadboard", "id": "bb1", "top": -137.4, "left": -122, "attrs": {} },
    { "type": "wokwi-arduino-uno", "id": "uno", "top": 136.18, "left": 94.77, "attrs": {} },
    { "type": "wokwi-led", "id": "led1", "top": -51.6, "left": 71, "attrs": { "color": "blue" } },
    {
      "type": "wokwi-led",
      "id": "led2",
      "top": -51.6,
      "left": 301.4,
      "attrs": { "color": "blue" }
    },
    {
      "type": "wokwi-resistor",
      "id": "r1",
      "top": -5.65,
      "left": 96,
      "attrs": { "value": "100" }
    },
    {
      "type": "wokwi-resistor",
      "id": "r2",
      "top": -5.65,
      "left": 326.4,
      "attrs": { "value": "100" }
    }
  ],
  "connections": [
    [ "led1:A", "bb1:21b.g", "", [ "$bb" ] ],
    [ "led1:C", "bb1:20b.g", "", [ "$bb" ] ],
    [ "led2:A", "bb1:45b.g", "", [ "$bb" ] ],
    [ "led2:C", "bb1:44b.g", "", [ "$bb" ] ],
    [ "r1:1", "bb1:21b.h", "", [ "$bb" ] ],
    [ "r1:2", "bb1:27b.h", "", [ "$bb" ] ],
    [ "r2:1", "bb1:45b.h", "", [ "$bb" ] ],
    [ "r2:2", "bb1:51b.h", "", [ "$bb" ] ],
    [ "uno:GND.1", "bb1:bn.26", "black", [ "v0" ] ],
    [ "bb1:20b.j", "bb1:bn.16", "black", [ "v0" ] ],
    [ "bb1:44b.j", "bb1:bn.35", "black", [ "v0" ] ],
    [ "bb1:27b.j", "uno:7", "green", [ "v69.34", "h130.17" ] ],
    [ "bb1:51b.j", "uno:6", "green", [ "v68.73", "h-90.73" ] ]
  ],
  "dependencies": {}
}