{
  "version": 1,
  "author": "Anonymous maker",
  "editor": "wokwi",
  "parts": [
    {
      "type": "wokwi-breadboard-half",
      "id": "bb1",
      "top": -3.9,
      "left": -217.5,
      "rotate": 90,
      "attrs": {}
    },
    {
      "type": "wokwi-pi-pico",
      "id": "pico",
      "top": 73.65,
      "left": 118.8,
      "attrs": { "env": "micropython-20230426-v1.20.0" }
    },
    {
      "type": "wokwi-led",
      "id": "led1",
      "top": -58.12,
      "left": -45.57,
      "rotate": 270,
      "attrs": { "color": "red" }
    },
    {
      "type": "wokwi-led",
      "id": "led2",
      "top": -29.6,
      "left": -46.6,
      "rotate": 270,
      "attrs": { "color": "orange" }
    },
    {
      "type": "wokwi-led",
      "id": "led3",
      "top": -0.8,
      "left": -46.6,
      "rotate": 270,
      "attrs": { "color": "green" }
    },
    {
      "type": "wokwi-resistor",
      "id": "r1",
      "top": 72,
      "left": -38.95,
      "rotate": 90,
      "attrs": { "value": "5000" }
    },
    {
      "type": "wokwi-led",
      "id": "led4",
      "top": 124,
      "left": -46.6,
      "rotate": 270,
      "attrs": { "color": "red" }
    },
    {
      "type": "wokwi-led",
      "id": "led5",
      "top": 152.8,
      "left": -46.6,
      "rotate": 270,
      "attrs": { "color": "green" }
    }
  ],
  "connections": [
    [ "bb1:2t.a", "bb1:tn.1", "black", [ "h0" ] ],
    [ "bb1:5t.a", "bb1:tn.4", "black", [ "h0" ] ],
    [ "bb1:8t.a", "bb1:tn.6", "black", [ "h0" ] ],
    [ "led1:A", "bb1:1t.b", "", [ "$bb" ] ],
    [ "led1:C", "bb1:2t.b", "", [ "$bb" ] ],
    [ "led2:A", "bb1:4t.b", "", [ "$bb" ] ],
    [ "led2:C", "bb1:5t.b", "", [ "$bb" ] ],
    [ "led3:A", "bb1:7t.b", "", [ "$bb" ] ],
    [ "led3:C", "bb1:8t.b", "", [ "$bb" ] ],
    [ "r1:1", "bb1:10t.b", "", [ "$bb" ] ],
    [ "r1:2", "bb1:16t.b", "", [ "$bb" ] ],
    [ "bb1:10t.a", "bb1:tn.8", "black", [ "h0" ] ],
    [ "bb1:16t.a", "pico:GND.1", "black", [ "h0" ] ],
    [ "pico:GP0", "bb1:1t.a", "red", [ "v-124.53", "h-124.8" ] ],
    [ "pico:GP1", "bb1:4t.a", "orange", [ "v-105.94", "h-124.8" ] ],
    [ "pico:GP2", "bb1:7t.a", "green", [ "v-95.86", "h-124.8" ] ],
    [ "led5:A", "bb1:23t.b", "", [ "$bb" ] ],
    [ "led5:C", "bb1:24t.b", "", [ "$bb" ] ],
    [ "led4:A", "bb1:20t.b", "", [ "$bb" ] ],
    [ "led4:C", "bb1:21t.b", "", [ "$bb" ] ],
    [ "bb1:21t.a", "bb1:tn.17", "black", [ "h0" ] ],
    [ "bb1:24t.a", "bb1:tn.20", "black", [ "h0" ] ],
    [ "bb1:20t.a", "pico:GP3", "red", [ "v-0.42", "h124.8" ] ],
    [ "bb1:23t.a", "pico:GP4", "green", [ "h0" ] ]
  ],
  "dependencies": {}
}