{
  "version": 1,
  "author": "Anonymous maker",
  "editor": "wokwi",
  "parts": [
    { "type": "wokwi-breadboard", "id": "bb1", "top": -185.4, "left": -208.4, "attrs": {} },
    { "type": "wokwi-breadboard-half", "id": "bb2", "top": 352.2, "left": -218, "attrs": {} },
    {
      "type": "wokwi-breadboard-half",
      "id": "bb3",
      "top": 351.3,
      "left": 176.1,
      "rotate": 90,
      "attrs": {}
    },
    { "type": "wokwi-arduino-uno", "id": "uno", "top": 66.61, "left": -154.55, "attrs": {} },
    {
      "type": "wokwi-hc-sr04",
      "id": "ultrasonic1",
      "top": -228.9,
      "left": -253.7,
      "attrs": { "distance": "2" }
    },
    {
      "type": "wokwi-rgb-led",
      "id": "rgb1",
      "top": 455.2,
      "left": -123.7,
      "attrs": { "common": "cathode" }
    },
    {
      "type": "wokwi-led-bar-graph",
      "id": "bargraph1",
      "top": 398.4,
      "left": 321.6,
      "attrs": { "color": "GYR" }
    },
    {
      "type": "wokwi-resistor",
      "id": "r1",
      "top": 369.6,
      "left": 297.05,
      "rotate": 90,
      "attrs": { "value": "1000" }
    },
    {
      "type": "wokwi-resistor",
      "id": "r5",
      "top": 379.2,
      "left": 287.45,
      "rotate": 90,
      "attrs": { "value": "1000" }
    },
    {
      "type": "wokwi-resistor",
      "id": "r6",
      "top": 388.8,
      "left": 277.85,
      "rotate": 90,
      "attrs": { "value": "1000" }
    },
    {
      "type": "wokwi-resistor",
      "id": "r7",
      "top": 398.4,
      "left": 268.25,
      "rotate": 90,
      "attrs": { "value": "1000" }
    },
    {
      "type": "wokwi-resistor",
      "id": "r8",
      "top": 513.6,
      "left": 297.05,
      "rotate": 90,
      "attrs": { "value": "1000" }
    },
    {
      "type": "wokwi-resistor",
      "id": "r9",
      "top": 504,
      "left": 287.45,
      "rotate": 90,
      "attrs": { "value": "1000" }
    },
    {
      "type": "wokwi-resistor",
      "id": "r10",
      "top": 494.4,
      "left": 277.85,
      "rotate": 90,
      "attrs": { "value": "1000" }
    },
    {
      "type": "wokwi-resistor",
      "id": "r11",
      "top": 484.8,
      "left": 268.25,
      "rotate": 90,
      "attrs": { "value": "1000" }
    },
    {
      "type": "wokwi-resistor",
      "id": "r12",
      "top": 408,
      "left": 258.65,
      "rotate": 90,
      "attrs": { "value": "1000" }
    },
    {
      "type": "wokwi-resistor",
      "id": "r13",
      "top": 475.2,
      "left": 258.65,
      "rotate": 90,
      "attrs": { "value": "1000" }
    }
  ],
  "connections": [
    [ "bb1:bn.1", "uno:GND.3", "black", [ "h-61.53", "v277.68", "h200.38" ] ],
    [ "bb1:4t.e", "bb1:bn.2", "black", [ "v0" ] ],
    [ "bb1:3t.e", "uno:9", "violet", [ "v129.84", "h171.65" ] ],
    [ "bb1:2t.e", "uno:8", "gray", [ "v137.58", "h191.25" ] ],
    [ "bb1:1t.e", "uno:5V", "red", [ "v374.04", "h187.85" ] ],
    [ "uno:5V", "bb2:tp.18", "red", [ "v0" ] ],
    [ "uno:GND.3", "bb2:tn.19", "black", [ "v0" ] ],
    [ "uno:5V", "bb3:bp.1", "red", [ "v0" ] ],
    [ "uno:GND.3", "bb3:bn.2", "black", [ "v0" ] ],
    [ "uno:10", "bb2:11b.f", "green", [ "v262.58", "h-94.95" ] ],
    [ "uno:11", "bb2:12b.f", "blue", [ "v267.97", "h-75.85" ] ],
    [ "uno:12", "bb2:9b.f", "red", [ "v252.61", "h-95.15" ] ],
    [ "bb2:bn.8", "rgb1:COM", "black", [ "v0" ] ],
    [ "bb2:tn.19", "bb2:bn.19", "black", [ "v0" ] ],
    [ "bb3:bn.25", "bb3:tn.25", "black", [ "h0" ] ],
    [ "bb3:19t.d", "bb3:18t.d", "green", [ "h0" ] ],
    [ "bb3:17t.d", "bb3:18t.d", "green", [ "h0" ] ],
    [ "bb3:17t.d", "bb3:16t.d", "green", [ "h0" ] ],
    [ "bb3:15t.d", "bb3:16t.d", "green", [ "h0" ] ],
    [ "bb3:15t.d", "bb3:14t.d", "green", [ "h0" ] ],
    [ "bb3:13t.d", "bb3:14t.d", "green", [ "h0" ] ],
    [ "bb3:13t.d", "bb3:12t.d", "green", [ "h0" ] ],
    [ "bb3:11t.d", "bb3:12t.d", "green", [ "h0" ] ],
    [ "bb3:10t.d", "bb3:11t.d", "green", [ "h0" ] ],
    [ "bb3:19t.d", "bb3:tn.16", "black", [ "h0" ] ],
    [ "ultrasonic1:VCC", "bb1:1t.a", "", [ "$bb" ] ],
    [ "ultrasonic1:TRIG", "bb1:2t.a", "", [ "$bb" ] ],
    [ "ultrasonic1:ECHO", "bb1:3t.a", "", [ "$bb" ] ],
    [ "ultrasonic1:GND", "bb1:4t.a", "", [ "$bb" ] ],
    [ "rgb1:R", "bb2:9b.i", "", [ "$bb" ] ],
    [ "rgb1:COM", "bb2:10b.j", "", [ "$bb" ] ],
    [ "rgb1:G", "bb2:11b.i", "", [ "$bb" ] ],
    [ "rgb1:B", "bb2:12b.i", "", [ "$bb" ] ],
    [ "r1:1", "bb3:4t.e", "green", [ "h0" ] ],
    [ "r5:1", "bb3:4b.g", "green", [ "h0" ] ],
    [ "r6:1", "bb3:3b.h", "green", [ "h0" ] ],
    [ "r7:1", "bb3:3b.i", "green", [ "h0" ] ],
    [ "bb3:3b.f", "bb3:3t.e", "green", [ "h0" ] ],
    [ "r12:1", "bb3:8t.e", "green", [ "h0" ] ],
    [ "r13:2", "bb3:21t.e", "green", [ "h0" ] ],
    [ "bb3:8t.a", "bb3:21t.a", "green", [ "h0" ] ],
    [ "r9:2", "bb3:25b.g", "green", [ "h0" ] ],
    [ "r8:2", "bb3:25t.e", "green", [ "h0" ] ],
    [ "r10:2", "bb3:26b.h", "green", [ "h0" ] ],
    [ "r11:2", "bb3:26b.i", "green", [ "h0" ] ],
    [ "bb3:26b.f", "bb3:26t.e", "green", [ "h0" ] ],
    [ "uno:7", "bb3:4t.d", "green", [ "v-48.01", "h330.6", "v318" ] ],
    [ "uno:6", "bb3:3t.c", "green", [ "v-39.21", "h310.11" ] ],
    [ "uno:5", "bb3:8t.b", "green", [ "v-30.97", "h330.83", "v339.36" ] ],
    [ "uno:4", "bb3:26t.d", "green", [ "v-24.37", "h298.09", "v505.56" ] ],
    [ "bargraph1:A1", "bb3:10b.f", "", [ "$bb" ] ],
    [ "bargraph1:A2", "bb3:11b.f", "", [ "$bb" ] ],
    [ "bargraph1:A3", "bb3:12b.f", "", [ "$bb" ] ],
    [ "bargraph1:A4", "bb3:13b.f", "", [ "$bb" ] ],
    [ "bargraph1:A5", "bb3:14b.f", "", [ "$bb" ] ],
    [ "bargraph1:A6", "bb3:15b.f", "", [ "$bb" ] ],
    [ "bargraph1:A7", "bb3:16b.f", "", [ "$bb" ] ],
    [ "bargraph1:A8", "bb3:17b.f", "", [ "$bb" ] ],
    [ "bargraph1:A9", "bb3:18b.f", "", [ "$bb" ] ],
    [ "bargraph1:A10", "bb3:19b.f", "", [ "$bb" ] ],
    [ "bargraph1:C1", "bb3:10t.e", "", [ "$bb" ] ],
    [ "bargraph1:C2", "bb3:11t.e", "", [ "$bb" ] ],
    [ "bargraph1:C3", "bb3:12t.e", "", [ "$bb" ] ],
    [ "bargraph1:C4", "bb3:13t.e", "", [ "$bb" ] ],
    [ "bargraph1:C5", "bb3:14t.e", "", [ "$bb" ] ],
    [ "bargraph1:C6", "bb3:15t.e", "", [ "$bb" ] ],
    [ "bargraph1:C7", "bb3:16t.e", "", [ "$bb" ] ],
    [ "bargraph1:C8", "bb3:17t.e", "", [ "$bb" ] ],
    [ "bargraph1:C9", "bb3:18t.e", "", [ "$bb" ] ],
    [ "bargraph1:C10", "bb3:19t.e", "", [ "$bb" ] ],
    [ "r1:1", "bb3:4b.f", "", [ "$bb" ] ],
    [ "r1:2", "bb3:10b.f", "", [ "$bb" ] ],
    [ "r5:1", "bb3:5b.g", "", [ "$bb" ] ],
    [ "r5:2", "bb3:11b.g", "", [ "$bb" ] ],
    [ "r6:1", "bb3:6b.h", "", [ "$bb" ] ],
    [ "r6:2", "bb3:12b.h", "", [ "$bb" ] ],
    [ "r7:1", "bb3:7b.i", "", [ "$bb" ] ],
    [ "r7:2", "bb3:13b.i", "", [ "$bb" ] ],
    [ "r8:1", "bb3:19b.f", "", [ "$bb" ] ],
    [ "r8:2", "bb3:25b.f", "", [ "$bb" ] ],
    [ "r9:1", "bb3:18b.g", "", [ "$bb" ] ],
    [ "r9:2", "bb3:24b.g", "", [ "$bb" ] ],
    [ "r10:1", "bb3:17b.h", "", [ "$bb" ] ],
    [ "r10:2", "bb3:23b.h", "", [ "$bb" ] ],
    [ "r11:1", "bb3:16b.i", "", [ "$bb" ] ],
    [ "r11:2", "bb3:22b.i", "", [ "$bb" ] ],
    [ "r12:1", "bb3:8b.j", "", [ "$bb" ] ],
    [ "r12:2", "bb3:14b.j", "", [ "$bb" ] ],
    [ "r13:1", "bb3:15b.j", "", [ "$bb" ] ],
    [ "r13:2", "bb3:21b.j", "", [ "$bb" ] ],
    [ "bb3:25t.e", "uno:3", "green", [ "h-0.76", "v-485.32", "h-281.99" ] ]
  ],
  "dependencies": {}
}