{
  "version": 1,
  "author": "Anonymous maker",
  "editor": "wokwi",
  "parts": [
    { "type": "wokwi-breadboard", "id": "bb1", "top": -137.4, "left": -122, "attrs": {} },
    { "type": "wokwi-arduino-uno", "id": "uno", "top": 136.18, "left": 94.77, "attrs": {} },
    { "type": "wokwi-led", "id": "led1", "top": -51.6, "left": 167, "attrs": { "color": "red" } },
    {
      "type": "wokwi-resistor",
      "id": "r1",
      "top": -5.65,
      "left": 192,
      "attrs": { "value": "100" }
    }
  ],
  "connections": [
    [ "led1:A", "bb1:31b.g", "", [ "$bb" ] ],
    [ "led1:C", "bb1:30b.g", "", [ "$bb" ] ],
    [ "r1:1", "bb1:31b.h", "", [ "$bb" ] ],
    [ "r1:2", "bb1:37b.h", "", [ "$bb" ] ],
    [ "uno:GND.1", "bb1:bn.26", "black", [ "v0" ] ],
    [ "bb1:30b.j", "bb1:bn.24", "black", [ "v0" ] ],
    [ "bb1:37b.j", "uno:10", "red", [ "v0" ] ]
  ],
  "dependencies": {}
}